Peptides for independent validation,Sequence
BIP1,ILSAIWSGIKSLF
BIP2,KTKKKLLKKT
BIP3,DGVKLCDVPSGTWSGHCGSSSKCSQQCKDREHFAYGGACHYQFPSVKCFCKRQC
BIP4,ALWKEVLKNAGKAALNEINNLV
BIP5,NKGCSACAIGAACLADGPIPDFEVAGITGTFGIAS
BIP6,FFRNLWKGAKAAFRAGHAAWRA
BIP7,CVNWKKILGKIIKVVK
BIP8,CWFWKWWRRRRR
BIP9,EVASFDKSKLK
BIP10,FFGKVLKLIRKIF
not_BIP1,DIIIIFPPFG
not_BIP2,TREWDG
not_BIP3,YTNGNWVPS
not_BIP4,MLDWKY
not_BIP5,MMDWHY
not_BIP6,GIFWEQ
not_BIP7,DVRSNKIRLWWENIFFNKK
not_BIP8,SAVDWWRL
not_BIP9,EFDWWNLG
not_BIP10,DIFKLVIDHISMKARKK
